Humidity (%),Temperature (Â°C),Rainfall (mm),Risk Factor,Altitude (m),Flood (Yes/No)
62.472407130841745,19.62832322096549,52.341136747181196,2,626.3223516561951,No
97.04285838459498,28.54752368445895,49.395759814399966,0,278.47072892755233,No
83.9196365086843,36.82364589691021,181.25091610420733,0,852.9819953305915,No
75.91950905182219,33.305622160239025,49.90923996990122,2,928.3835056363074,No
49.36111842654619,35.16402869653624,54.3899452257262,1,996.3982936790554,No
49.35967122017216,31.469584167767934,151.87965248359274,2,796.0074024272833,No
43.48501673009197,32.306914112946316,89.947968490108,2,753.7340704280045,No
91.97056874649611,36.22989128913298,155.34211139103624,1,215.50075886755104,No
76.06690070459253,21.241700221479647,13.073231512877047,2,336.00705899010876,No
82.48435466776273,27.235624091078513,97.51423873467687,2,465.6825417622795,No
41.23506965774815,20.530236045490057,6.7227200366565265,2,773.3810477822497,No
98.19459112971967,39.69170019991617,12.530640691070904,1,914.9658650779686,No
89.94655844802531,38.60148349216533,181.28749066888219,0,189.13910002298462,No
52.74034664069657,15.985670284212647,27.849074223519033,0,922.3674846701028,No
50.909498032426036,32.63937931289221,106.48413645504343,1,695.6246523540581,No
51.00427059120603,38.13120793539164,82.2191205201413,0,610.7707306850386,No
58.254534577572265,19.51438362818334,69.46866525176854,2,199.84127128193953,No
71.48538589793426,29.198630763815736,179.9666691374545,0,55.52503280915055,No
65.91670111852694,37.887207439701044,4.3646793550979,2,568.4648985079399,No
57.47374841188251,15.848649464644971,132.75793723511782,0,651.5156833288925,No
76.71117368334276,32.435506681171,192.67888684271009,1,210.78144935468822,No
48.36963163912251,22.43372518431377,112.03363669236839,0,556.4562058254564,No
57.528678912113094,38.10990488441326,187.36449240661835,0,856.4934027625736,No
61.9817105976215,39.27645612913419,10.451575857204753,0,835.06594545502,No
67.36419905302216,38.60666222783585,83.75866381483227,1,927.3551805862971,No
87.11055768358082,26.855355416436595,52.03155819241023,0,365.8858095568804,No
51.98042692950158,36.55106627473283,146.16419299614597,1,318.0495725509187,No
70.8540663048167,36.11373496337676,196.25941809944933,2,749.4260059808087,No
75.54487413172255,22.97751183108139,51.30601248884956,0,431.11240509700497,No
42.78702476319987,35.72288685376694,130.8349202948149,1,87.5486640277806,No
76.45269111408629,15.925190867887316,39.61952655194803,1,282.80113067049973,No
50.23144742123749,29.906746962051326,113.06605091432198,0,418.5822855314891,No
43.90309557911677,20.750220932192576,92.78649733766724,2,292.516425476252,No
96.93313223519999,18.01417214443197,194.4010659263074,1,332.20557094732163,No
97.93792198447356,16.92383004073023,121.70545453929331,0,293.77590617439074,No
88.50384088698766,32.407219396953494,69.90127441736375,2,41.49916718307944,No
58.27682615040224,23.49687409420165,22.819156977586672,1,637.0947008244425,No
45.86032684038303,33.11916928821904,30.24936574698691,1,597.2924203534693,No
81.05398159072942,16.63390851997356,45.06338599024702,2,653.3834984786806,No
66.40914962437608,22.88225844576526,50.1933322680596,2,192.30989603362747,No
47.32229409068673,28.48728230938343,170.12321156822756,0,295.6545416124853,No
69.71061460667622,34.76807912097409,112.24455765650498,0,619.6159269449223,No
42.063311266913104,22.968812573301747,104.6781822748733,1,599.6275684599213,No
94.55922412472692,30.647284410925227,22.953774373843494,2,506.3303093542678,No
55.52679889600101,37.14944370590467,172.027938669887,2,350.41325001019743,No
79.75133706123893,30.396579704557617,144.56286064169674,2,912.9310047746899,No
58.70266456536466,20.823986868840844,13.533672380000317,1,339.77024229884375,No
71.20408127066865,15.61001953891345,141.56701944595375,2,455.6191564372516,No
72.80261676059678,36.752471847523246,108.70764346852921,2,678.1138309542088,No
51.091267331531625,15.531735271259679,16.345069149355652,1,543.0214308667641,No
98.17507766587352,36.867541817104986,91.66012830573129,0,346.88597636438556,No
86.50796940166687,28.2234283506803,96.93925742600939,0,435.64479045650984,No
96.36993649385136,38.476692462822406,33.15490803265515,1,794.4808178535061,No
93.68964102565893,34.96958089434163,189.13962940005646,2,278.12915548661243,No
75.8739987286651,39.94835276333343,169.99507429613237,1,142.25523977681542,No
95.312454101387,23.767795386292754,133.80446746582166,0,313.1632018297771,No
45.30955012311517,34.17970722327817,92.45911220012144,0,849.5342154879013,No
51.75897174514871,25.048272840231053,82.3531083169017,1,88.98971485634665,No
42.71363733463228,26.99689050759772,130.19469343019082,1,991.6960733724518,No
59.519819845795865,30.68763658045925,109.08637388138109,0,541.0028989276625,No
63.320637381368925,36.841927854658465,12.454621176377124,1,984.845743967094,No
56.28094190643375,39.602086729982375,102.50052975406633,0,938.9964220859775,No
89.72425054911577,34.206835346612955,161.2807234465679,1,452.81371421091677,No
61.40519960161536,25.444169554183343,91.84797551939161,1,198.4910746053491,No
56.85607058124285,25.533925056926755,10.391315510853683,1,164.88477656513845,No
72.56176498949492,33.43955753972229,157.2556398768066,0,239.98936386995751,No
48.45545349848576,20.969428644207557,40.27275642719488,1,710.1326405645373,No
88.13181884524238,17.761852828284866,51.72416697760775,0,272.94999473148783,No
44.47303862078625,23.865553941019414,32.94127068645918,0,341.4252696042983,No
99.21321619603104,22.180974791352043,66.04301297429951,1,448.7788039946148,No
86.33468615779944,22.407703011399754,151.350301137727,1,913.2326804214563,No
51.92294089205035,20.840193776247748,103.87717190078747,0,189.3934178848461,No
40.331327027416144,16.052329740909048,40.97625483014251,0,5.026552609803114,No
88.92768570729005,15.446848368335345,175.56601563040817,2,60.09641037817015,Yes
82.41144063085703,39.69305974340079,175.91637099030584,0,904.766341680118,No
83.74043008245924,25.694328343396556,174.11568500920137,2,647.5164648433631,No
86.27622080115674,24.608166178992043,47.75924227630786,2,273.0406193278068,No
44.442679104045425,31.991182067326747,90.24786883619763,2,177.1925010111911,No
61.507943712656356,20.456347196626602,196.99793122817502,1,294.2667366371143,No
46.95214357150778,38.749029598755634,154.40249526199807,1,114.7969272512801,No
91.78620555253562,34.6586253603888,5.433484245111964,0,941.5329102844411,No
77.39788760965348,17.235275057806486,13.040918252098411,2,784.2061743652669,No
59.85388149115895,25.43951939462321,92.78627536246655,1,462.39117691254074,No
43.81350101716142,36.97795768905412,181.84404117231202,1,864.962605115202,No
58.65893930293973,38.61830055728525,107.74035959054285,1,249.45820429323228,No
59.51099932160482,26.68503778124674,99.56250160685805,1,717.1205684721936,No
83.77637070028385,30.335284730267695,21.094739991326115,1,856.1324990137434,No
78.25344828131279,19.17584865230188,131.3560209448588,2,356.7687116232726,No
93.23276455457959,39.779215653424416,164.4206321200451,2,757.4644454507177,No
68.33289550971696,20.791792534586087,76.08400150151246,2,295.07234926430937,No
47.1756547562981,38.56829435337814,155.1223701850655,2,298.85713525903077,No
82.7946872333797,31.241166224809213,192.8953307801623,0,107.05717855418607,No
85.64710291701385,30.19341987197148,40.753291825537815,2,440.0580465093987,No
73.67663185416978,27.817212775412713,104.66592623894826,1,729.7119064974222,No
86.25803079727366,20.766745292943966,57.42759161691511,2,940.2208055712849,No
69.62773578186344,19.41320080013771,158.57088380676788,0,603.7969919290961,No
71.36396976291965,20.512155226754384,115.5186731762315,1,863.135537735739,No
65.65246110151298,19.66095655360636,126.91648351006076,2,822.4946492902271,No
41.52514760464571,34.48961183916883,159.58283192317882,2,173.34305297528084,No
46.473485619598264,23.753131479168253,79.19409453249098,2,485.81742891263144,No
41.885751141204054,16.44606691408491,183.01801368140863,1,116.92353552539147,No
78.18462467582683,39.22756575352028,106.605773449228,1,682.153161561635,No
58.8613588645796,37.09464712408564,31.5909645670696,0,949.899668246076,No
70.51424146988217,38.19380707988032,139.1798236337605,1,137.0894580787565,No
94.45398843556558,39.872695566160886,158.6522700876509,1,733.8831308025414,No
54.9575337489325,19.347381230487184,63.35233541350534,2,632.2381508678609,No
64.62297538213778,24.90605047256647,171.4358513997506,1,583.6050370080998,No
85.33306831258292,33.95596189260228,181.22865095315328,2,390.1202346883392,No
53.72788992949735,32.4005154513448,55.38089747556179,2,355.13164775381256,No
44.61879458972758,18.847397658496376,196.7042945430444,1,45.24918901888786,No
57.38508717482608,35.395828124765444,28.142305609751684,0,217.90870825201347,No
49.67327723524026,20.61101429591652,40.403133680497994,0,15.176882286826899,No
95.78185914055439,20.595440370565576,36.844967847605226,1,581.4171055820206,No
88.48722277386501,28.42436057233534,178.79794200157409,0,105.85323587790884,No
78.00422539062541,29.82349837104258,130.85851046499238,2,873.0193940297161,No
92.28763541126307,29.502155195945278,30.420856644454574,2,523.1430206971652,No
88.22032461394687,17.287170934943873,88.06468367366979,1,699.6899090587084,No
51.19420353316215,36.936521565759506,123.05960501396041,0,410.8570918404965,No
93.55353990939867,21.64000106471765,16.69281699787666,0,560.5798090010486,No
72.36053451493905,18.237873032070105,176.48327368146775,2,942.6591769666305,No
88.44640930984374,37.218701996724434,160.72070708830702,1,82.73403962367077,No
93.7654779954096,38.891287455743836,101.04135471532764,0,253.93777192369615,No
59.08020849831183,36.55319043163627,193.42532305183408,1,779.9883269105443,No
46.60311547166061,35.23790186812195,83.55219585501995,0,98.73720688266584,No
53.6761097525165,31.381049515975544,196.82206380729957,2,75.66110390411085,No
65.62646731757538,28.771434265228482,133.58399976072542,2,361.5413987540386,No
89.08088595534959,17.174668997785254,126.93425465078829,1,92.1679584724323,No
91.64383499538062,25.211330326767467,33.190979059157,2,585.0784422062031,No
40.41712783187144,24.31721292530785,176.3855516609288,0,226.27525081659982,No
70.64483815465394,21.493844594008156,85.49793758412304,2,895.6979631993723,No
65.04466018892674,33.08550284221462,32.44668115649587,1,783.5000808452567,No
53.326468628243816,27.39689337696927,2.521503995151808,1,699.7052060994762,No
47.19192204002097,17.0261553976912,111.95113672767651,1,616.944027384502,No
60.25691028421768,20.504580048745282,105.47992442453527,0,863.4657303414633,No
96.57458223475115,32.08146909148989,143.8707244738317,0,223.06206154275688,No
59.39217592124531,16.903271487257506,178.05161060356042,0,873.1088427642276,No
71.12743730460197,36.28017285121922,15.881316928605905,0,789.4922984240524,No
82.18113753371067,27.37866317534936,146.29929806807246,0,748.1608263876856,No
61.81777614275764,27.0146644331662,37.482388819516444,2,561.255678074924,No
98.30692496325764,29.81019461648794,171.6354106314328,0,246.2441609706001,No
97.74683769652668,35.61702414812873,163.81270277233122,0,423.54791599189633,No
55.10693774952185,23.695230197554828,108.15875099710888,2,793.5706545388016,No
69.83491035354312,31.95040381397659,142.0485597246623,0,31.778484357324444,No
58.052698589006184,29.143299099894776,62.87002263674968,1,782.0507692637583,No
57.090429662648056,21.675706754235534,94.23357978656293,0,240.0707404875665,No
42.213216841271965,36.96574965887895,164.32737954209432,0,144.30920072160302,No
76.57386003879381,34.9356505401732,91.85303943464278,1,115.70131818030217,No
70.16074139373168,31.461295866460638,71.55965306508836,1,27.25001195081511,No
43.08872507499936,36.26454322735604,98.84248945005997,1,523.5864852214529,No
56.71878785419669,36.68235502399506,165.64985048744367,1,218.25987269372948,No
94.49595315799922,32.70907441787587,67.04160947417455,0,989.4317657796315,No
54.37371344001835,35.925333209091804,34.75231862714876,1,574.4367558722058,No
48.693692325473386,32.43678654173209,142.40280406615616,1,137.8852693560104,No
69.36716561665378,32.00351929400751,165.19564254161637,2,688.7625408113654,No
99.13902724663603,30.46528445537961,20.127495704706668,1,897.7435665097253,No
54.523316290690026,33.81791598894103,47.97482255118894,1,745.1794953696144,No
80.32813284435272,18.96512763232684,28.39439795219878,2,76.43986103944766,No
85.69717691972306,37.02176897997321,69.58828231643332,2,895.8841811926595,No
54.25825263954398,36.7960881936308,90.07019578108253,0,793.9293858599648,No
83.69298091671158,15.731182075863979,149.7652673926613,2,158.30390010561436,No
62.06698796315519,35.64541876411907,130.22951697633482,0,51.785888732816865,No
77.93834983561476,18.22174668683613,124.18571349568623,2,557.3105753143085,No
78.01178264565368,23.377971356478547,70.47498932193088,2,156.0358113399769,No
72.14648104448551,33.5877064072902,168.289510616952,0,834.590952595272,No
45.4173862032645,19.018997401207706,94.25743347963291,2,358.33465667167377,No
90.11814973535428,35.44917560297655,195.82098760303091,0,912.8924447365754,No
59.24680389830415,35.80335444894355,126.82842765914737,2,565.6881721410058,No
51.19111062399125,27.686693344020906,25.252948312900546,1,182.67238423966813,No
42.44650849328583,15.159646792920839,135.2355124150868,2,139.5988673598001,No
75.4535765912945,22.17595332937282,65.0208030863398,0,576.4724375577539,No
80.65386171053694,30.423172959393554,137.26543933721948,2,761.8836118624439,No
40.99526973567137,39.529654450685584,13.928229632481148,0,781.5056477421821,No
70.72558349795686,30.79533817541671,34.97628743519188,0,275.75740444128127,No
53.58974651187628,21.495089526603994,171.14745178115726,1,204.24675891216748,No
78.71036742456698,30.85014257749028,45.43591140470298,1,16.756304492382412,No
50.46198574029948,28.499634492896387,167.408225048588,0,679.1991512011693,No
81.45626428614796,34.49613487877859,55.855217690882085,2,76.56825843353899,No
63.20412077803225,17.67451597067396,128.57638201174154,0,420.7612017659258,No
96.20379932420407,34.025697562550704,138.8301147019662,0,601.6821640182961,No
48.25125664875959,28.531664466902757,102.53095062901059,2,937.108944919677,No
60.46398106301551,39.07480009647487,61.062135339346256,2,311.8021369557686,No
46.80841127443534,23.54680415096715,42.528875274219224,2,249.7721624465198,No
95.48161709671376,30.815547328348703,6.637870912485244,2,654.1601542860984,No
92.64036120285886,38.30070263775043,60.78928024814476,0,619.2390320535817,No
55.47649766290934,17.56274319976698,130.6325581062566,0,332.1097833081246,No
79.59904276205074,38.43071218091128,187.66096368969653,1,928.1018355097865,No
89.03333201207295,32.197143057520336,174.2408964526104,0,844.8623274896328,No
73.31204869596775,16.695926477629296,153.21295530706053,2,223.98254586508116,No
71.77903470136039,22.524089173670404,157.68946865065973,1,239.14254543452319,No
54.5111374540271,32.704302216132035,132.99698069519906,2,512.3003468870807,No
45.586166068353954,16.683765036719294,52.0573715132006,0,773.5721017307203,No
93.83294547719962,29.55426150440683,181.43900614116598,1,44.04037938846439,No
94.02508342979982,23.64707642382392,134.1464623811668,2,693.3351537347066,No
77.98608743639608,30.522887944186927,112.08812619608798,1,648.2358973820969,No
60.34178746292204,16.14355084531282,22.197893842696214,1,231.48009591298825,No
60.95257447675965,36.78842015380941,89.41110876128508,0,681.3530132413488,No
83.55734073221436,39.33722422943492,92.07165424038526,2,940.1831912520826,No
93.82661559715463,39.22194638214229,172.91272190453398,1,46.78584497176852,No
93.22518545590704,33.741295793573116,109.3296440375577,1,319.6520552920625,No
86.79253275145743,18.2521560032658,76.08010979408193,2,438.1767166663553,No
78.52189876925726,33.95657989822556,195.36006570213186,1,899.2603589246896,No
45.048397899702934,15.614672911470038,22.144118665263136,1,962.2614466091567,No
49.69772284567682,15.553088788224931,84.50968566238892,1,444.11524649633225,No
93.91325131162475,23.09025547873853,8.404935034281058,2,750.0284121421912,No
76.3857435795754,27.216079760116642,147.98082415338607,2,531.6610237644829,No
40.55182309699778,34.26018544519483,183.61531043983013,2,537.7829347413765,No
46.08829257196193,32.08238441516263,56.007465910097885,2,278.09951506635645,No
79.81010614648335,26.14756765941871,171.66833535982417,0,216.9562458638795,No
40.30369503077312,21.840666657041645,58.44364609237955,1,288.00534592404114,No
49.64848308504992,39.92811250394278,182.15403232878305,2,556.3280072570793,No
72.92402736199517,25.654532555899323,150.7923807193568,1,29.155186022088998,No
81.5137118615616,26.284675608241887,160.98135536828772,1,907.2489443564058,No
79.11767557015602,19.090595529791727,3.6013111200909,0,156.2837095497762,No
53.45615856763359,34.87023871874823,192.5620714148052,2,220.08867687138655,No
82.73075328085216,32.34205564453721,145.33419841406464,2,518.2761764476463,No
54.23494524980801,20.51924031971901,60.95021907722666,1,710.1147663372793,No
59.52398188955606,17.059526140396066,165.8789329717694,2,95.7290547443973,No
84.78948430708145,32.012482551867826,56.304239682985994,1,317.69469754716215,No
78.97797394283288,31.36278035702838,174.5507679132256,1,968.6746055743571,No
90.95340462965068,21.831488174955233,22.516078082387402,0,262.3429667809457,No
79.4567735380206,38.771589056260254,140.73719549215915,0,313.0501450631469,No
74.0985162001283,18.776447294522505,108.13969532898207,0,836.4984906180335,No
45.62048606968555,25.80837002606505,19.306894039088164,1,50.21443169045525,No
62.06294818356601,38.59039800418997,48.37876565176779,2,464.61316880897084,No
55.91214206090353,25.493182923153057,2.480807255462958,0,379.61676445167024,No
54.63937860274501,30.96314869160214,93.75359309290117,2,316.5867599086512,No
98.38063328514673,24.939859949069856,60.25305215200007,0,285.6995940447645,No
63.58586348000563,21.85538005871675,119.67149685955177,0,91.3741048604092,No
93.5227933106268,39.599441198995706,59.44756154172344,1,314.82582935164885,No
77.86831755983577,25.233350157876075,59.98382230139694,0,43.05240271566857,No
87.6886782124989,37.352480091978364,148.63863974632068,0,780.9638636444353,No
70.15822558631153,20.748865147277154,9.62856719567069,1,398.22779395801166,No
74.61423307758155,20.327617600627082,180.57899903839746,2,443.9038323199116,No
69.55106162913184,15.778352072112783,170.45277487823628,0,893.5945864501316,No
51.71457926788267,31.291670634397125,133.56093664528132,1,658.0549838612208,No
83.34712691569032,24.21315859309403,118.64431402147686,0,8.059103342119789,No
56.846341746451344,36.608956245990925,178.46049962793046,1,943.1748229612849,No
41.45895798588723,26.83024766728893,37.066035905742886,2,237.1444659777112,No
78.72833775443007,39.20483569786804,15.793832438165722,2,107.61418475985884,No
50.62664076442294,19.63813789257803,47.90203398190762,1,768.1281783808822,No
96.42751506117486,36.71557919889027,158.91565574003806,1,500.4773158667182,No
97.23571462015525,34.41492131979354,6.934053345296665,1,433.7705660180176,No
94.89186341322691,34.2730461161013,116.56136701669793,2,249.50307968274177,No
62.20952201532666,36.11958070292219,199.08750323826197,0,547.4714898623187,No
40.927396991732046,34.02559977357497,171.13921876750788,2,274.38460520258747,No
95.69911375526353,30.655508040785385,104.2891378087179,1,901.5830052870676,No
65.69104889903886,18.28112194205969,12.728181857328469,1,215.20447973319278,No
97.99928914262017,15.813154487281299,166.27470287714198,2,884.3551504557536,No
97.81719862535516,38.02119619539217,119.79570163544211,1,559.4054257273569,No
91.1805673280416,30.41625786301845,22.986599411913367,2,828.488133895241,No
57.66693352417514,34.91343227440441,18.77145696467124,1,712.845995860955,No
63.105863716115515,27.038058787813753,181.92536388731847,0,696.6951114367486,No
91.06820029101141,17.93270472405986,133.84005258761567,0,324.3458076950557,No
59.01532030937666,18.129644805063762,165.8573598633511,1,233.89693147220348,No
50.16956480116555,32.13913218072429,175.79578005645345,2,210.88622768078812,No
73.40807574750102,25.757647372486566,114.35447040966444,0,857.1916570595887,No
96.16928644964686,20.013118167508416,103.48927035100826,2,820.42682025902,No
81.76178780049838,27.289863668535922,86.08548206419803,1,440.5735280123073,No
74.2036702053619,16.605223426878354,63.38931755822386,2,132.4046134964546,No
45.83058962624611,29.549285047859968,86.91919217174235,0,382.2522519774584,No
76.90043360195018,21.724835110877443,154.77593114603127,2,619.3434541369114,No
99.4032310062558,34.93897751592971,120.38468620302632,2,454.40315447995283,No
48.405040914191446,22.759048973089342,178.5046579909692,1,780.189268482995,No
71.0997791418242,26.38050372704503,88.67600287583754,1,997.6228222513854,No
92.64238431567733,15.290513497702516,121.4179157437508,1,191.13208844889684,No
84.44611706525227,16.81117219486397,126.26151061839775,0,459.65081965957245,No
81.82094445971609,24.81233891016712,118.3394324612651,0,430.983901920822,No
82.14904503922656,26.998470867928088,140.52675461710328,1,304.49253274895085,No
61.56946907318531,30.000513702982595,47.48669367496126,1,198.09551672028957,No
57.6155106558696,22.29156446773258,102.47275550915813,0,65.69211648965923,No
88.56166932871082,32.37454715316356,20.844960561669534,0,887.1193172236984,No
88.60680368075084,36.503059929730114,76.90226552896252,0,419.8486976863176,No
92.02433911480622,34.496274722333744,97.53341372425288,0,496.89551850004887,No
94.79443315338827,15.990470633708929,130.4448519090945,1,916.9420482009159,No
70.68054393165627,27.012673681445726,190.1062105172407,0,776.2904775159478,No
70.09097768123198,17.623254460454373,120.13021330967118,1,130.5012641171842,No
87.89771073800651,21.051125396563187,148.71878323531195,2,565.4199676077424,No
78.99783584666591,39.66656483167866,101.25321189904055,2,442.25227651955913,No
82.11801263546221,18.56238857253783,126.82080627526626,0,797.2110725787628,No
87.74756016616607,27.472203836283903,14.186443226754687,2,724.2325476119493,No
93.40032050905398,30.45389335795298,50.878316168369395,2,690.405721911072,No
60.27970941109215,32.561624263602596,72.37061864102773,2,340.5448354798969,No
62.53497715839664,28.991217087172853,94.49867100130271,0,804.9637303992545,No
45.63891639045214,15.244271185479592,9.129749100476747,0,52.39129559486122,No
74.69680845977044,23.1615327060998,28.004819510663538,2,159.62490143216723,No
42.156536427804525,27.942791084617788,55.36286155826116,1,335.6232729779117,No
67.9358810879476,17.196662478620834,194.30653818021014,2,76.80744106928128,No
72.5586780824546,23.76567328022952,66.26940142061015,0,234.9942775346916,No
57.192475127697065,15.830077719784164,96.4082116224165,0,830.1509829979182,No
75.44999563414065,16.964462428875517,39.219542547678586,0,948.2515377900793,No
41.83001499634297,24.9230819050399,122.15601421515365,2,304.60235577419047,No
42.24089132495286,18.31789385107651,56.136643103194864,1,264.51580398883823,No
89.3560336395795,29.188521206538955,41.398515687685354,0,279.8926522464269,No
61.61143848467577,32.236624228431644,103.31452568919582,0,277.71908735084384,No
47.623630759113084,35.01466747772707,1.1011598320841642,2,35.930182185972996,No
71.33459560328826,20.003756106120253,1.5328065298450655,1,926.9163463311081,No
86.19961318591665,19.187064556476745,43.81376182037155,2,213.6981415703284,No
52.949261649810595,17.614196008360008,7.344272500164228,0,420.00407408140495,No
77.37342854914002,30.910756238590917,21.605150826138274,1,9.68688274096774,No
45.12084789962608,32.66189316217253,67.77212986775032,1,857.9550909150572,No
43.10090327011646,15.789653620641051,160.51713591596257,0,731.1573444549172,No
71.88127789408888,38.405306156092244,114.40972867386017,1,946.7560351737033,No
72.43810729660639,16.29928209128681,102.53354519128328,1,781.6154791963991,No
78.2457940898924,28.53240838252676,58.69776464162433,2,313.70651205206525,No
83.5654800233597,32.72651298627291,186.35074388656327,0,247.87335872842365,No
98.55112476775207,36.77422809365214,79.40300824743834,0,697.716307553293,No
70.97802089807172,32.85217330331069,17.4185533591543,0,364.11277501049943,No
59.377388376474755,35.04320207674479,123.41330322356026,0,566.2150157526165,No
87.71117168612221,23.486254813570152,22.76767869532028,0,6.257471026470229,No
56.24993507572445,35.3706278436628,69.04462856033842,1,61.88570168047525,No
66.33828524233817,17.00287115961688,101.48238774356177,2,535.3679411816512,No
44.70738288053596,37.37041640151319,174.84450493703517,0,566.0716464481651,No
41.521044604927454,28.689809403843405,98.70931606802374,2,751.4529444593436,No
97.7589048806755,35.43244424906234,140.45175320633285,2,131.96531962396173,No
90.15880723073235,26.307957112957503,198.56336779981407,1,513.1830837567788,No
81.75845236562188,31.089442379913123,26.297823979596323,0,194.44764443168862,No
64.53717666485619,28.160066523402833,54.9463051039039,1,93.19611956269469,No
50.39765920425074,33.2897380438833,78.91521511952928,0,410.4957940605546,No
49.38622256026516,17.04074955076474,84.36563570776627,1,163.33664808905723,No
55.01457388987572,16.508802099764097,82.20421505310915,2,221.7819781923186,No
72.95359988236723,21.177580850253662,181.52220051131098,0,317.55457986950177,No
82.87575536200373,18.98861700282971,142.80652889337128,2,259.38840074319626,No
79.61184260306388,36.794589164805046,121.58104281814074,2,87.5912974059464,Yes
56.79603381675657,20.480349683951108,61.87454357255642,1,89.91624485970229,No
97.29191683979164,39.39663139547828,164.75807684425894,0,193.24941523416817,No
84.2738150017461,23.422394794277672,191.0121022969978,2,50.55918795953895,Yes
73.26124315068404,19.55294789221748,164.2396565100453,1,626.4570196769271,No
76.70324477406113,34.74246267856198,0.31302103829458083,0,287.32671650890194,No
65.1760037456674,31.467694387521902,127.2802740366814,0,279.745967769071,No
54.86385937006945,27.454892911328475,10.227076288420145,2,331.99829423776515,No
61.35836071907569,28.88408877344078,51.52144406674437,0,662.7962742097217,No
85.47076662786215,32.980044456806596,11.904940069554337,2,870.6338814834905,No
40.863609317785354,20.711368533282467,120.75909058987754,0,759.0869325556384,No
46.964358430414975,39.90834790141855,137.31798269852135,1,727.5292302250949,No
42.760158521305165,39.36982905366958,22.897527613181023,2,484.39118560084927,No
42.44372813913821,31.258142158673422,76.7677766089959,2,693.8055569674118,No
91.32763504066043,19.988561273228626,91.2473017911084,0,552.7623680335831,No
82.21947156280143,32.00570606078229,73.81060435218332,0,216.2505281865289,No
68.45042974523952,16.804960224479395,24.20500009703861,2,208.58836774105072,No
45.870049639060085,15.766312555145152,83.78955803749508,0,296.3920068752834,No
69.49695250700994,21.442072212780342,150.23560956168362,1,910.8026709698132,No
68.40830624683394,26.565573918482908,14.201532906651092,0,547.4148403797259,No
50.39211219460091,36.706812635209516,16.03600281638069,1,733.9053770018694,No
66.03109895427838,33.1792267441577,70.95425836719684,1,346.5587598165476,No
63.91028406384241,33.56766302999952,188.345142323785,1,407.71577066522525,No
76.95100588313298,25.637333361201883,133.71452934458281,1,125.56557863725138,No
78.10561905205863,23.648374813674074,135.73399133451295,1,171.29495782167038,No
42.71824058632267,24.27596907461507,72.383998167573,0,827.3565548261456,No
62.47675687758827,39.69123909340145,118.73215824170768,1,584.8386316888821,No
77.55159494285418,16.002729785312063,2.0262368055486757,0,337.53246588381893,No
70.18817551480527,36.675787403061214,127.21920928190843,1,802.851208995546,No
91.38939047129934,29.466885214309833,182.65738951524736,2,246.519905637983,No
79.52161789713671,25.965385479739762,122.51469366896384,1,976.0326986002038,No
49.77606562488578,33.13144151037841,174.739718693269,2,344.81760774616976,No
44.23412484402579,27.16672353561757,144.79461109321875,1,337.3109541512276,No
78.54515669237894,36.83558095204151,24.11168328073805,1,311.9119055367052,No
41.59067863249731,37.51754660028146,180.49066145716836,1,122.11151592428793,No
75.1465348764078,25.543023171836385,13.288768871154977,2,111.1371473320124,No
96.41381448549745,21.920694930876287,106.79349450955276,2,648.1050345341234,No
74.52845067255274,29.808758214834057,28.427424758691533,1,875.118044558047,No
63.29019557239131,37.80908364041727,2.341322146180813,0,790.5205102716735,No
78.59729310654119,20.266554725141663,84.4068520255278,1,141.10759402135108,No
67.49517342949099,30.57416458908707,59.008141530831246,2,545.5821217920665,No
72.7370073589561,30.789005502313014,97.2000987595206,1,105.59154597664,No
96.48788852659152,33.327825560382024,115.43997734691015,2,45.29464361307745,Yes
63.16615826804646,18.289192128181494,8.74781446178947,2,656.3858593847673,No
97.67143382943485,32.895624117052215,24.600659024749127,2,535.1523336803504,No
94.32103851736383,37.72581301664103,111.72847929008508,1,82.02368521147085,No
51.74746808735779,19.492077721756047,68.63347063453165,2,34.93924640598844,No
44.16167805250993,20.93858312309694,145.8346975098896,2,989.7564134093346,No
46.0466800826456,39.28487735104099,130.45832971838794,1,30.021332149071878,No
41.093309539092985,19.524423817737244,169.12087259798136,2,444.52825305015966,No
45.6665776453557,36.35962733423948,138.49856533384505,1,504.61902460769556,No
80.98040640498141,27.30694641120087,85.98621547802962,2,117.28014780044505,No
44.27131890761374,21.180776860079426,134.59332447888647,0,169.06177843971625,No
59.138537817625675,36.768747531812785,55.076234851083704,0,351.8050064103525,No
90.69251865816727,26.132631375066637,61.26269975564254,2,761.6758762136626,No
41.39631614414955,27.870433848242257,157.79703198415865,0,507.0824240602667,No
88.86810895533614,23.98083423499414,89.28390328031644,1,637.9018745529615,No
56.911286486403995,29.823771285873185,159.6760681036705,0,985.1745550906747,No
47.08988965729937,19.08809681462557,164.48447473365567,2,768.0054353132097,No
81.80422992184904,24.77703841629402,171.51246753225675,2,434.36149814121774,No
77.73657080679304,39.23530805838219,183.32704716824145,1,446.44192179654874,No
92.64832081162318,21.45333581752819,86.19704410265925,2,618.772077041005,No
84.10426262823314,31.418416613532305,63.773363664227766,1,665.3652084189043,No
88.20885582309091,23.129751605617372,116.43974931882278,0,500.7109258366713,No
56.922074354278394,34.33682814216502,74.23448468752551,0,644.8612228149799,No
50.64637262678337,18.271841517958745,120.2148333600466,1,23.53249441409877,No
85.0368850984515,39.24552612696362,141.1171725287649,1,429.62286389684414,No
88.41008435603584,26.34473853459098,137.68100369842736,2,278.93807607347674,No
99.4303085200404,20.9012615836616,74.91057740402427,0,129.1744452431104,No
64.75706061468559,16.837418683250316,33.37204033975056,1,99.54651280877513,No
62.32108514756699,19.24394762718852,86.1058676924415,0,603.1921656146675,No
86.58477764451982,27.994348713900443,28.51882881638175,1,523.6005471526117,No
60.448212415181075,23.425079410782157,178.01940703676166,0,253.58411699636918,No
95.84543953621389,35.72208414706523,69.17549214757148,2,470.9500587725145,No
91.5047651105807,25.772188091545146,30.891949444664757,0,492.2323151824083,No
65.7396416425011,21.217856814690748,5.0895519811501755,0,195.00898043861582,No
85.05226406748984,30.42862466510075,129.16447725729685,0,652.0930618816507,No
85.27257244508094,32.669430422136145,127.38046349094864,0,780.9193563860905,No
46.187432130155955,19.176047697523746,68.12083331625833,0,791.463540889519,No
94.15317440077399,19.190480407207943,14.342377769530202,2,602.469830703455,No
70.31514234687143,15.916785673338575,81.9257789790464,1,511.63858251901405,No
89.5874479664645,33.41005037664101,62.24349901267872,0,61.007143005394894,No
59.20297606183671,31.595113190545128,135.42412794700186,2,287.8312988516059,No
93.73139370977202,26.865771893745347,121.15584989053806,0,93.2714467781699,No
63.35210072404979,36.10426122422993,72.918745639508,0,963.8231608784737,No
40.650259088817904,35.14175382375133,43.57851085099802,1,135.0801462257607,No
94.32291858515582,29.633859109918802,197.60719323111837,0,151.77540985110204,No
45.477200607168015,36.70678201283147,90.80032423922297,2,889.5766183304921,No
59.15881825542489,20.146030250919207,137.65484715604742,2,943.9282834764579,No
97.0037180230483,17.7979904849432,28.110593515672157,1,765.8290392349098,No
97.03642881625336,21.74374028792474,97.11793993187956,0,5.40492367266987,No
74.40627328739717,16.427171402232872,5.507343973893097,2,1.3462709565636999,No
77.91023273018796,28.2792382000258,101.09102358208999,0,378.10076978745076,No
66.90673131869919,38.41514230737404,192.80348142354046,0,143.39537001089252,No
57.592646301883875,15.983588516712741,76.84134259716005,0,18.386142151597284,No
59.71987272219496,18.052747850250668,7.799202514982317,1,464.0666894045047,No
80.35110736462231,26.30497570708588,6.191158183868706,0,943.0618974069715,No
85.1424717662608,38.34687543819762,77.59735198937389,2,323.8195749024314,No
87.4947426235509,22.903902624418762,32.00498729263881,0,661.1406784286966,No
87.37708856767324,27.68087021720981,4.670419265637182,2,652.2353531324408,No
45.47236618292142,16.0393214762598,151.24272279003537,0,251.08010366516774,No
69.66521828215488,18.70858002405222,91.70460177637814,2,650.4252488238643,No
43.45352560099866,39.665753073971175,57.84895439453091,2,212.33397428689128,No
72.97173293942413,39.127967410901135,180.01663660329615,0,122.00741357688905,No
66.49183008240263,15.123499523360241,23.227792040105122,0,701.3832855596901,No
93.26225096549798,38.79529463558097,191.18376579106385,2,113.44081710391674,No
61.05490075312472,30.97799844538751,62.793343475470564,1,996.9092185893553,No
47.02402098565635,36.697957363000555,177.68073446173625,0,183.45240115022932,No
48.57950092317015,26.368496390846477,120.58857529589231,1,594.1418627564575,No
85.69063790304833,27.889900714481257,165.34147194829748,0,411.3745714125894,No
77.09308379897567,27.221164506423005,196.80263264209285,0,126.3864224056671,No
46.067360567367416,31.67160643865261,57.681087563749145,0,27.843907577413397,No
45.04640836689985,18.49128136890782,192.2270970815186,0,622.7322822928332,No
82.0581478875472,15.749339746816949,77.89637898048407,1,806.7575637891262,No
44.365780381851614,22.698248539779772,77.10238094738446,0,842.015661506744,No
89.31160355742136,32.61701906841617,68.07742085090113,2,482.71347307693446,No
82.37453362938977,20.04633630307371,108.28152146951705,2,777.4554671823855,No
44.880926838513986,31.835810833122935,30.82900863569742,1,672.8471334885447,No
45.09026284511152,39.24780115268176,110.74229707160224,0,724.2545274991332,No
99.19837471007052,17.34751789473546,108.3409624820008,2,492.5990052218141,No
62.45624774536722,31.815052955628158,152.380362520974,1,633.411740242127,No
62.23852882401346,26.093755482614277,166.72999238751711,0,805.525913576057,No
88.76797403545015,36.703556359437634,88.08827006248481,2,397.88417555702307,No
96.83491464303152,19.428744736184647,60.46664987029875,2,805.9789008675838,No
99.16006382937226,32.315648805654114,51.86697946341889,1,592.0168427890628,No
85.2026911155365,35.95288224120276,38.924767340974384,0,165.90102437078625,No
62.57557513185495,38.61535548685058,11.529516439804976,0,24.684157224584613,No
45.010043001920124,32.081200707241145,68.48959576694267,2,362.75360039915205,No
86.6288149556462,27.429369100210682,54.04953842615665,2,546.6963282963399,No
73.5042549841483,30.446181005030347,193.28347717328148,2,839.8203522034884,No
65.45332055481857,36.72262461196796,111.54176525000878,0,127.48568014024619,No
94.38126310568416,29.265243665970743,69.4554078061015,1,800.2063476835791,No
46.67184893836908,15.75967649242092,116.0935201987392,1,863.0090460672269,No
69.55750625745155,38.273717387674445,27.8393402691391,0,150.68748700083378,No
40.68121868604514,32.23816877578903,88.80874984044058,1,851.594319304219,No
68.11963851964758,31.912834644431165,125.24686428421276,2,991.453567842792,No
43.37819654091024,20.39187880994293,97.77956635849027,1,726.8388310482376,No
47.12907497608431,31.47213675581643,80.35576013086485,1,784.769681824988,No
47.05157480662629,24.846610141353963,198.76967777993963,1,994.4152675588734,No
78.95261812696381,31.280824426037302,176.0629524297854,2,605.4812505259454,No
84.7626927559254,17.664825757699766,124.68119163188803,0,307.8863820162494,No
75.00212590582959,31.4461326150759,113.87547223645656,2,837.5308340760556,No
97.73035290847253,39.985343144266665,124.13209596491681,0,614.4857775116312,No
62.49223477142225,16.2053009715139,40.26242156448665,0,581.1954237209566,No
57.14272517691164,39.429354605532936,79.02754865286371,0,253.63555551403826,No
92.11594769136761,25.172699018071768,7.891906578179864,1,756.3342695828866,No
53.41575031116716,36.76883625843148,95.10920749736533,1,81.66727586009625,No
97.79335236643668,34.559637101456836,108.60491679153263,0,924.2870707946612,No
40.72926848138898,29.175406524666695,45.54994722064192,0,325.82346077048476,No
98.19272960245834,33.46123023128317,192.80576943310274,1,127.77465278999045,No
42.589594717034565,36.962889032533695,181.8909221874484,2,442.3665331024188,No
93.46858682188426,25.103508041275823,144.42864709118118,0,42.46990925653316,No
71.66206654517799,23.175829039080966,106.67732575307252,2,684.6261942649663,No
99.57788776715802,31.689834639089618,173.99383192953698,1,902.7055104453561,No
44.42779388412393,35.19614854853147,26.130468764692584,0,837.2630071385088,No
73.23125706407924,34.057128369415395,158.101958854977,2,127.36947344788108,No
98.15815213714595,34.94534122146587,24.96416279336966,2,126.27113710773186,No
71.38587065020893,25.889582870323324,158.84213250988108,2,813.4344823242641,No
77.76391828811575,35.445855404375536,55.15351365027139,1,924.254274603116,No
81.74492133907702,18.00522638426521,175.4181162036378,1,460.66982983348913,No
67.27246388606639,28.61222744902124,188.80841876507958,2,498.97111691376597,No
77.6534848050438,15.143966512453039,29.759193881023126,2,318.26204138572587,No
75.05885871538601,23.114645747506756,92.53512101307871,1,894.265118256414,No
94.06948062945935,24.161538371784946,196.19747563253702,2,644.902905292356,No
42.72678282048747,24.904317290231383,96.68148719462933,2,288.2515771673685,No
56.85779137553382,32.38668016724655,172.70950450290903,1,298.7828710542516,No
97.02468904459352,24.713952531758643,117.74630442626398,2,891.2000730636024,No
93.41582703345497,26.217340565563266,75.06598158392038,2,13.634023905821469,No
67.33940516714277,20.938603271858184,57.15671110517404,2,322.7265727266384,No
77.2079558680922,24.3312947907335,40.644618217217456,1,554.356681216369,No
56.64287097886796,20.681740681578788,152.35963827553945,2,148.21746209932462,No
51.28726958342568,16.829898094211092,77.30810136460558,1,92.09875419958979,No
67.82190429639893,30.086214834534445,102.25509244015024,1,815.27633109056,No
61.20113368156317,31.705319963875407,98.46509600023639,0,894.4043886485073,No
75.01936671105233,30.487258650240364,115.45580584662625,0,823.6064207981894,No
44.66407821789909,26.58735109501431,173.11542912491043,2,898.7878897373477,No
98.46368845996999,24.494644504480746,196.14786871668588,1,553.1119710583715,No
99.17264466877617,36.583341239295635,81.51684171476339,0,812.2581209903419,No
81.88970284118471,27.97704462840545,165.5037844212606,2,384.0426383911004,No
72.16578198064722,26.979546940743276,152.90555893094353,0,666.2678614790385,No
58.571656977179664,15.641051645160893,114.70579029111465,0,988.8355313891644,No
88.82770118241692,23.53119569065391,191.20942872238663,1,225.72772383912744,No
81.08387035323275,24.504890469646426,40.09490310568056,1,389.8997462910806,No
49.75701636069348,24.97056952242251,21.85284206192428,0,480.0473773100856,No
94.65563106963054,29.504309230683305,170.79239339108443,0,138.01548702005172,No
89.35223457539014,28.34006366817196,87.82996332674966,1,81.03861046505678,No
96.98799479751544,30.197627319836116,169.3937708414121,2,829.7228663216245,No
83.5431705033016,34.1220815385532,178.61804103908298,1,976.7943728275862,No
76.80491175614739,35.324643467902334,12.491518723814288,0,404.72506382965867,No
65.09458217743713,32.95307690566236,176.69295259721213,2,87.64983619465328,No
95.9637090012408,38.88809239887337,89.66381107388443,0,65.81176069057648,No
91.9638333700245,15.45581456690904,102.08649780084644,2,891.3182063602986,No
42.713120206371364,19.894449642088652,125.31850221864205,0,463.8142497276799,No
41.58201846983512,15.189071874453553,185.27652134601735,2,320.0273165623919,No
62.58780201268297,31.186867853865074,3.823218885952806,2,476.46127123939954,No
88.63319984690997,37.450763723749674,95.36869366356342,0,318.30409469234735,No
99.23656775889667,21.087057414407482,137.54440848611213,2,489.03577530762,No
49.02501346621169,38.175863619907666,144.5413915396457,1,859.5563969179368,No
75.6478429211281,16.50668475723902,138.5064863074216,0,592.3013710620957,No
62.85345139786129,38.36090067013786,26.88702588162437,1,694.6537728101754,No
98.19486386887618,23.790567180990863,59.87911767433624,0,364.67067623433655,No
90.52713538814251,17.53552071123041,71.7431050834027,2,738.5058785105188,No
90.29972228266827,27.146793979658142,160.887441535901,2,666.6170848793723,No
68.12158958769822,21.4194141930127,55.751974482910605,2,119.56199775205644,No
64.8891701402599,22.12182254904807,42.14099277344063,0,572.6428531155846,No
56.40442431584238,22.682249123157163,191.48960380761923,1,256.74349630975803,No
43.382529799055625,35.075647445816585,1.77265702269378,1,804.0956696335928,No
91.8833425753032,28.47903191688136,199.56417113639563,0,425.93770846693945,No
88.77406054780465,22.782692478900092,135.3642597714791,0,994.6841651964871,No
99.98306039716783,30.25834458277296,165.69385988982341,1,92.50043793896378,No
99.79821022443431,32.90376685557984,58.92387926923863,1,780.3478627401586,No
73.32590233615764,21.815600018338344,2.8630555334119956,1,673.7017335421565,No
86.13924491083063,25.33872753813379,147.57390371230602,1,767.4988305907054,No
96.68594379294568,18.04715233342369,166.82891940013516,0,307.5297954904563,No
90.97884344064468,19.52873373836701,148.09522639070383,0,492.0544893824006,No
54.84088610459186,32.02794634912457,28.570057460167718,2,796.5085197237084,No
67.03264811860561,19.535958692390672,150.68558445139382,1,232.541331620855,No
47.7495649090897,28.129084591676502,153.7845564215282,2,226.03319678865208,No
97.24306163552333,32.72615654306082,131.70810313401097,0,551.0509532949324,No
76.3704780670528,17.671923077368596,153.22318655911724,0,523.5635795298558,No
53.71856833020776,29.182805490722586,169.18428793554642,2,282.2624704129328,No
80.30204106435141,21.414069592534094,122.72082284749169,1,298.0756505248228,No
77.08769442747375,39.0731718809395,17.720942793935812,1,277.8451632065655,No
61.48976308197043,27.08864116799812,97.52556193344218,1,771.5120619984876,No
46.81345553197774,35.14981374437895,15.529866934321014,1,651.9008655624606,No
80.29439173556798,28.755663553906544,81.50860620648616,2,832.4171834102527,No
71.2184620542276,16.085313321370478,81.42129782512552,2,975.4730283140218,No
86.33910350413836,30.828784389850558,13.201968828048315,0,474.1642962719864,No
71.2098100667196,38.78508355516642,69.76410679389586,1,66.69388140544885,No
91.1308900191124,30.040295503658278,22.19961975826297,1,48.09231041203543,No
73.11441032646914,35.47972148566976,161.64704200184443,1,295.66503927161915,No
73.65627829212318,37.1051615837102,189.53760519289415,2,932.5445893524509,No
92.5992161595007,20.701994298723314,14.463295051587721,1,523.2130549708749,No
64.20897197274383,20.301120997705667,191.0230414583403,2,271.78651608012916,No
48.04091370703844,30.274524721274794,104.51531986734904,1,399.16679451101953,No
41.72696057880034,25.27571174516762,59.91313559077478,1,598.5951074046708,No
85.30823534041714,35.99653257166801,15.372415055232702,0,652.9496581378422,No
77.21857308120788,37.50057808495028,100.12485361408356,1,153.91950978290504,No
82.24478608595342,23.83553448256795,158.90310889814972,1,977.031676545176,No
52.777849690534644,20.92176397436205,141.41729545333962,0,544.7722269827888,No
48.18228853520618,34.51313788109655,10.045202292794752,2,135.6883177922793,No
40.87267994007291,21.870150888703403,14.580367073580703,2,893.6352533461337,No
61.03525352839582,35.56535796284196,80.57465652652742,1,74.6384310794288,No
75.39506121127798,25.59345634121907,59.05809880958866,2,907.7354331775127,No
63.53464270598394,31.68874748228676,46.476864611209564,1,996.5656562889824,No
66.24849532142375,17.388382845866705,56.20089978174272,0,700.4317991565039,No
94.2495216696249,30.596483116914325,160.69654865937693,0,770.4472210739898,No
60.89532802139802,26.294191968430727,185.84561072637078,1,337.3028364674864,No
70.83936934958865,29.665211579386852,81.02053890551329,0,941.5768527339337,No
87.01918076446859,19.200355193621586,181.22220042649943,0,529.7139661083677,No
63.79256693927621,33.42184362360455,64.2991402495764,1,732.3884465975549,No
77.32520201367241,36.569926938580714,95.28739726875833,1,924.1077159112795,No
91.74182252480472,20.418495002269392,45.205799563199946,0,975.1799759755083,No
96.97123741945853,17.392863888004044,128.0952084351688,2,833.2043565966743,No
48.82440885574228,15.59096465115841,195.79622303496177,2,303.01750698203,No
95.59525750968967,31.04928751108165,120.69861920867572,1,966.5475165520824,No
69.52697758477228,30.17735090221952,71.56281682270978,1,628.1195312435718,No
55.4946632979375,28.66743531785175,129.56348919810569,2,930.6424763519599,No
67.54814537429567,20.798677402899386,24.584135693077513,0,676.1050258143518,No
98.80195451712862,24.77264989763787,177.73181605307974,2,307.2389618477205,No
69.55708563957218,29.861908379654324,100.61679015596727,2,370.02452414281595,No
59.72509661725049,27.419171471479235,89.86994840792842,2,550.4717771029405,No
78.00405125900355,39.694638005372184,117.17295769070384,2,790.014841559882,No
54.408737126691584,18.410993813918328,124.9567725578805,1,317.9825513403349,No
44.551799686519836,32.37861385118984,14.355161245302606,1,579.7311661341921,No
47.73278331463895,25.107969202607304,136.5234442446805,0,345.62499357640155,No
47.682750337466345,25.70499037314037,48.386336063105915,0,815.7694046351072,No
49.11416161073766,32.939944141454404,142.79052650131797,0,466.72809376795044,No
48.32963035896461,32.31090378310924,164.50695887683935,0,76.72282685288523,No
78.45248468819287,39.781399842554706,160.79170151050405,2,166.0525214815364,No
50.91280506394869,18.20985723635313,110.50019348157782,1,61.104667619632295,No
60.740036999431794,17.60274123460416,104.03397846215023,1,499.30294601432524,No
93.80730459436072,33.108470428218524,28.575192267882343,0,106.33729734822717,No
68.43769841577235,29.459672925160227,155.0692300806271,0,114.13996930963211,No
80.05346431126162,21.854016663995147,54.28187608934287,2,941.0482600383771,No
50.33919227209779,16.985484224724665,99.33908456358931,2,872.6550721760555,No
51.53734112852025,17.141456239910763,56.85481858550334,0,452.086596811366,No
42.45211697598873,37.35477186660296,26.76567259993863,1,985.8053208502058,No
50.136103784329876,19.796683117968573,125.91153937834731,1,0.1865281706631139,No
56.71542034191752,23.084289052888018,10.866406964580765,1,613.9794562733938,No
50.62062905660481,20.6664100556747,149.72904682524,0,616.4281773718701,No
45.322152025423335,23.87490764579843,63.517359052223334,1,457.4430558698882,No
47.238152266036046,16.735596068652335,0.026938600897064013,2,396.94797293429286,No
67.64672608196355,27.976494772706758,102.22582784744596,2,455.3831354806076,No
52.38002310434755,16.690314089805373,9.370381705520625,0,414.96043607968045,No
61.85619166288453,35.00891269555904,55.23391156417989,2,730.4924774822994,No
70.20503625129142,20.842802047760827,141.39529749114322,0,135.35543497328405,No
81.42368971776192,28.500297865112763,12.537924324373172,1,197.63922059113014,No
42.358728390465934,37.00197718903645,167.86769847120047,1,180.5182283924236,No
87.96462393454256,31.271934226179855,0.7639845317166216,1,262.47058512126455,No
77.67402336945446,28.323944663783383,49.36477384038045,2,525.2584187815833,No
44.905541916932314,23.10834382788439,148.1808112304143,0,111.20874733821873,No
92.41471744640663,23.32504782645495,63.254029945861355,1,868.1692953265041,No
95.25234403190879,31.737173879954753,20.378477613202705,0,297.3615313084723,No
43.66467759129183,39.85348403052919,72.04678376008557,1,162.53798746870785,No
56.61265888883222,31.545979746234465,54.078657276905105,2,675.6213095982433,No
88.37207678758368,28.944585434250623,168.54238043211097,2,38.08630059931928,Yes
84.89558142301951,33.26626275598115,62.66958351702863,0,619.9685648741641,No
51.07126116138264,26.630140307092955,157.78649435520146,2,698.1984306764998,No
52.56095940020262,16.50355856501963,178.37442896214694,2,214.91653138671919,No
62.22832616748292,29.057420396947744,86.76348391530591,0,41.964073443634284,No
69.07137911146128,38.9406321126345,181.9886287708784,1,363.6453589194496,No
77.09528629181776,19.38257355894149,75.46361079263858,2,98.59423024193647,No
62.134818374186345,32.25012227051664,192.81568329802164,0,116.47784967333708,No
67.75208296798887,20.02334221647641,17.857904905114587,2,254.26123144486456,No
84.8482562880254,28.39569211182703,137.40385330064854,2,295.4679246267593,No
42.20099217343587,17.41691124116799,98.76280809138574,2,529.9703410214206,No
55.146216660641244,26.25927340645463,77.52976109112942,2,678.3918855030131,No
82.80097515307315,33.90408322238115,126.54237574972018,0,592.7709408701847,No
93.71241026123195,23.68928810597455,140.77141832686624,0,148.36033728951682,No
70.70064652693996,31.62279311218045,0.8726539300618175,0,172.08603245262643,No
71.92680911591894,34.88624901974323,33.39061774943974,2,878.7692497929145,No
46.430320680386565,38.17944548698632,142.60921012686373,2,558.3523150641137,No
66.84474200940727,20.866052046386336,133.27708271564128,2,869.937832897689,No
71.9570359873014,24.982897895232703,193.20950102573545,0,371.54651131987436,No
54.54823021808378,18.810400333260436,152.2075580501566,2,614.4000074313238,No
56.15459385696286,39.81208755395938,190.1545415462676,1,523.6634160546107,No
62.63704978627736,38.17502419810738,140.50810030696138,2,319.12348982046257,No
41.20427186666358,28.49892825701399,59.61044172788863,1,469.91537203359536,No
59.3247499349907,36.050832359410535,21.072984450171294,2,502.49087682693204,No
52.68688041979268,28.023949431801057,156.36477266898711,0,200.7709747566786,No
59.64984113067488,30.589642200068994,128.8298442951832,2,315.0103723767316,No
47.18572790915508,17.228110802900417,9.637202478659246,1,791.4097505069756,No
93.4316368443937,33.8817605124202,72.01009318019567,1,915.7882394541272,No
75.61554721324292,18.19283709088087,191.35996309685723,2,359.79409354529946,No
80.74613914866939,35.65169075631321,100.08022914204024,1,306.9722822090182,No
87.3502743164403,34.55070219175965,86.54582720394093,1,195.19716457188252,No
69.90653193574343,32.71861744357441,91.5399210318588,0,678.4911686505812,No
45.21521728524542,15.904009513119053,41.77654480103274,2,323.0997016663373,No
72.22639250911287,22.578208898633214,73.74143417295905,2,987.7495390991885,No
75.21046708125274,21.577814247771073,73.96265119743532,2,325.6848020639532,No
84.7263684510598,24.003410186787978,10.471004037494481,1,394.13604678262817,No
65.89957277378076,17.191068669095962,153.51352570358364,2,603.3341962120347,No
47.65481816773382,38.42394557577657,83.3008863807758,2,801.684293191305,No
57.026554347923465,28.845056017809405,164.43597736328465,0,469.5186653456337,No
61.78493778391811,22.638107766450588,170.06960022397908,0,422.6560337889583,No
78.75503447989607,24.924537926857084,42.39881093973161,0,995.6378335948083,No
74.24669828013472,26.18006351262089,131.4706964340257,1,10.493641139944444,No
61.36580355387078,30.014858334015432,94.45636083259635,2,895.0652888512458,No
99.19091492757877,27.891985692412444,176.031347584297,0,149.14082593973743,No
76.34648916141323,37.98479933036043,43.14813583529082,0,785.9252762089134,No
54.233607504159664,27.424087072645754,135.56264006200885,0,617.931559846298,No
46.106948357224226,39.80395037058282,121.55042445054451,2,341.84728549809205,No
49.171548351059926,36.28562394362739,59.06029551436656,2,873.8749555210184,No
54.757463703070485,20.212762858933395,27.320180730234522,2,12.907227980991976,No
49.64088239557334,38.264880366097906,130.32795209545532,1,226.69065207492366,No
51.19402144307834,17.909159947136903,147.71949162646615,1,566.892796249536,No
57.10571012163082,35.43624271227979,63.12546875267,0,351.54226004969803,No
50.40241571768529,24.515582336914502,128.96652080446276,2,610.3774953183276,No
93.8059254775855,36.94935801112673,79.02618152230065,0,24.110193408666824,No
44.81402473969853,36.701417252686255,142.64137665652353,2,116.45893048171251,No
71.47068337421528,35.14813500294053,39.84305497881062,2,127.09624021843923,No
64.6238096193797,34.750760907676536,178.04300052723488,2,189.28364591600945,No
98.94271701451638,22.61697847745102,57.48191929311594,1,459.3314408005428,No
46.72233413008314,17.022982076281306,73.55719755123059,1,752.1286995435712,No
63.871335942744494,25.07450446912904,11.618390416069957,2,905.5388379289011,No
98.16822599652212,19.338112874662716,22.30244246425528,0,835.3725302842461,No
91.93042755363882,32.37377722256154,103.17238054246562,2,196.88787177568358,No
89.02432425695679,23.65249316344464,53.5185353455943,2,441.1505522306324,No
55.474169622696394,39.39025502149787,167.0960451484389,0,199.411597758535,No
50.25325524340395,31.0243019336333,2.9386777309907686,2,264.47181666719075,No
80.11859319546586,35.56201409085902,75.81880973438724,0,503.54698151188614,No
95.76255934765516,18.31311681854621,67.46910935381854,1,68.10902472352254,No
73.40577358083578,36.550362056815565,3.865526183520207,1,218.1743295932732,No
74.29676136819398,38.068929762834856,24.873679800102046,0,935.3781613071172,No
56.79874561961705,27.176547970473397,82.72853498372706,1,466.116292658489,No
86.16957599151621,30.156323443774436,98.57291688948932,1,445.3865259778722,No
51.2226249134514,34.120245022574885,80.85794945097382,0,14.567154751278899,No
59.42075418425462,19.370965681510313,106.18753568241877,1,247.39974705834578,No
65.526186316985,27.56415191158606,119.0263349811363,2,866.2924359821814,No
70.4566227210673,24.966575694307828,1.984764225567126,2,164.62842825866875,No
54.544583944904815,18.659349804056227,92.81903189070077,0,415.1249395347211,No
46.89020948435221,24.188360557288284,192.69984817751765,1,14.330905867001253,No
76.63720254649795,16.70430773463734,103.80645602590974,2,478.33548167055585,No
57.31783319441534,15.645297673737174,135.50845349179065,2,21.021106726217155,No
74.87429328535674,18.379157228870568,62.37277158337664,1,819.6095530657999,No
49.26176291645214,39.07787778972934,154.7982756305525,1,824.8537674871036,No
68.86840611128905,28.738238397375426,154.584296375223,2,787.7421883023699,No
71.95536595309515,39.1455540288305,104.25920953082779,2,283.3640688911182,No
43.109412209345614,25.8124469582533,195.2027646558427,0,837.2372182218181,No
60.196256691635234,22.79540332713149,25.110042952530677,0,542.9981326052693,No
48.064880616338456,27.653546571006103,3.3895329779161987,2,373.80810886700243,No
43.80249822836606,25.98779221582275,154.0316423514192,0,625.329959704233,No
99.39761394339672,17.6416171065436,161.43110747297652,2,12.341046060374005,Yes
59.34123069848338,31.020657867255157,24.04144582411525,2,142.96087760075216,No
88.5924667512781,20.40095456273999,53.11656659172122,0,742.2935381702628,No
55.27843928582583,30.48969887244574,3.510472673325782,0,244.161608716153,No
80.89016333343577,31.255027309953835,58.66172215611294,1,598.0091173287497,No
85.61367159338118,18.800621328216202,154.6283747837343,1,385.10260282302966,No
75.73832443647066,16.533740677766705,103.59210554251578,1,854.8057787992615,No
68.2945713130095,34.519039651711,69.61911863365762,2,952.4153059966436,No
64.71045484883611,26.495010594233005,74.34785898126606,0,883.5647283701904,No
60.93209599257972,16.454094887636895,0.2707251430936308,2,270.61999469359665,No
95.77174865486955,39.87165792924418,59.96010551304718,0,194.16286904608228,No
89.83716446726375,16.444514024909164,129.2917483275861,2,474.434893620735,No
97.90161463999075,32.37588072146383,194.83888876327143,1,7.334150836180275,No
47.45783340913268,39.59197313158534,169.4121653967799,1,25.809392863181735,No
83.85204851221866,20.97950260539814,4.718992929105825,1,553.2906396230001,No
96.30042740926227,18.556234217179906,179.71212093496786,2,520.449404165286,No
50.87398396993961,18.034623485560722,156.6396826597252,0,994.58198903526,No
43.98977604200665,22.58187868918989,156.07522471419608,0,201.8418353637581,No
84.46723895740354,17.526145275266167,91.5991518007143,1,258.10392916046845,No
74.46838679079471,32.304033542353295,79.60105859090056,1,113.54064232628669,No
90.50972660549633,16.557294953251567,60.58314576663852,1,917.5430096537447,No
48.38634259757737,27.735553203744743,13.138971790873155,1,777.8112444584507,No
87.71603871159341,39.91742134632442,45.64707269873982,0,822.3391114568475,No
52.09763920286467,35.34925673765047,49.32072699560492,2,902.7637879645088,No
49.81935657194227,30.38048595577527,96.81541394204032,2,524.8999867258383,No
49.85594787585958,22.656340519665292,149.4888813193388,2,451.1931914507237,No
88.87448321388293,30.59739590729096,94.76196567958932,2,330.3914736656165,No
79.911833241772,28.17603659779129,11.568889889432121,1,589.2146143478554,No
71.38392548614716,25.65208459725929,191.55796019764077,1,454.2783967898225,No
61.529829047410146,18.267759418504987,188.54486381882245,1,451.5655866055751,No
92.6320324487865,37.16510538101167,157.03790862968168,2,936.9278637311389,No
63.546706445358126,26.24461622053306,198.26558031284412,1,984.0315142791302,No
88.99596636829463,19.865562795519125,108.89646656005259,1,796.4843893295807,No
66.3480945142131,24.19398377193224,192.55367005064122,0,756.7580902469283,No
62.61666576549445,25.353243813223173,15.121008123350155,0,680.5581617791014,No
67.76078714017639,35.688447389171856,73.13614965227427,1,166.07485233351372,No
58.08267244984852,33.34035951403505,45.076253601353166,0,59.10582087565452,No
84.85656281057507,34.23262234103349,39.166616826854,0,690.7263151132631,No
70.16322340554875,15.27578161071618,28.16058977853522,1,728.7862222565759,No
53.93276170880904,25.40384995449404,124.48272831319933,1,46.972991098139794,No
93.97447439647411,27.03360379088309,156.264371149461,1,928.0517502288482,No
63.033473282392684,15.479806920576417,115.65967988407213,1,91.14063944467755,No
72.61317166683932,21.495330218625856,29.392541917641935,2,285.9005337712024,No
94.38832665787282,34.00724557805337,162.22475398669417,2,672.3898127987045,No
77.45427975483952,18.427742643224978,127.1909414327457,1,169.87259440447633,No
47.013882442501846,28.38275328631479,77.6331412253991,0,55.41588844224443,No
96.3899274168085,20.38004680043094,134.8260591072126,1,331.1464891641498,No
77.66248318428507,15.303019366097331,51.98099584856657,1,765.971574855179,No
60.09433687942517,21.030036439988535,69.0384416988421,0,413.6786789852603,No
48.35632435980324,39.39684387275135,183.49716862639804,2,652.9729219079393,No
87.64151135621776,35.03842779707474,58.10090113428408,1,579.6190972281366,No
77.20436535571082,38.989416108025836,93.99765363158733,1,22.21848202558041,No
72.0076655185793,27.196351098159063,178.02822747920294,2,988.5399870457067,No
93.63355498305745,17.74340496693759,141.5442700535055,2,41.42808881938775,Yes
87.31583267347185,28.698987224342325,12.44064523294055,0,967.802737648485,No
49.100492783965066,26.359433363999024,29.460608855794067,2,549.8641783643982,No
58.70332406773289,36.1089270684904,1.5683181543833635,2,963.1590270650665,No
54.90934838886794,17.452064519606115,126.18435804583268,2,114.75359941383545,No
84.63677755436062,27.206028425544453,89.53468508208367,0,490.4085191855132,No
42.011946084146764,18.751216617349606,26.854970180455105,2,169.50409186605864,No
74.193381092279,23.1168981722515,191.5868242113541,2,50.97487702244241,No
85.74752114444144,33.433926934694995,105.93194478912397,0,617.5291150623116,No
92.60593820570497,26.900453234219164,48.37865882257783,2,207.78342096169143,No
60.52490492295445,24.397207128644233,100.12071423094152,2,587.6970182875459,No
89.27543828032077,24.861906964250885,135.92406654702157,0,112.36448194898563,No
46.63790421731243,26.486169210149665,15.247843594712895,1,331.9864714327028,No
90.7871375040711,34.62541359592642,54.9407630095784,0,781.6325580532472,No
47.649319739918944,37.30211722350586,161.39309817679873,2,437.05152184218764,No
63.837237433622036,38.883367162598205,91.93297408053225,2,627.7454148973363,No
87.83772194677321,34.67258465638238,109.31542840645898,2,647.457940745546,No
48.99504564092643,22.88517239370032,86.56320044189385,0,843.7550439872937,No
53.75508371395849,32.20336765216355,8.779988528601024,2,324.9227944066413,No
83.33515410358397,25.9400781013848,33.149955964031186,2,687.2955625825175,No
83.20219219276447,21.36676555115128,89.10832774837817,0,961.6158070461656,No
78.46885797311784,36.021789485648064,41.837093081585564,1,730.243334357868,No
81.636906668026,15.960658724058124,9.995805731935747,1,489.8704767177445,No
72.56346660085578,37.54404980338559,168.72993281036474,2,630.7174444919292,No
55.10794353441717,26.53693661561835,196.23850583282317,0,739.6828977631081,No
60.741759610235164,30.93003692020701,158.6285747993479,2,612.2757656938725,No
50.89586300808554,31.483848055144566,170.7569843409334,0,16.675813489839154,No
94.5070336800177,37.37794351766341,48.395426063409076,0,194.77349768722584,No
75.00350768596724,30.916742054180183,192.12539510263994,1,810.468217215466,No
64.0510850058184,30.348339619001543,39.385140890685676,1,272.6506473124847,No
67.72034821864796,16.66630101401725,190.28596207236646,0,731.562119561134,No
96.83700037670891,27.9602005486301,198.9638587931902,2,372.1202152416987,No
49.20108418696481,18.75422502042604,142.34456114920974,1,521.8843281579432,No
75.17378992100782,33.43584421803714,196.2287463583644,2,67.97329981940369,Yes
70.35332073306796,27.805548020316863,113.90795591342074,1,181.22556104970954,No
76.68725412607887,32.00569448020883,51.90835663521807,1,957.1969635192346,No
41.08661102925043,16.041822515059607,87.39917713312417,2,890.138053446914,No
92.3274345366491,17.11980040114508,118.71218707575719,1,652.2751108990502,No
95.92709694901674,32.908084701567056,14.616312405402997,1,459.64459738573737,No
73.90799101535254,16.802108399966833,124.46865292344921,2,675.7612928952238,No
81.79904943261354,16.781418194131465,196.2355673524589,1,618.6102890939391,No
95.34996287063774,15.302711880872186,38.021529956745525,1,568.5522556046121,No
82.43431805880391,38.912534957487004,158.51902325767665,1,59.17707186354182,No
49.15234257485568,33.43770898647517,181.57975875592388,2,632.802610661507,No
74.57730161000879,23.831285212551606,188.74031856404417,0,768.9200445711683,No
76.40290278297135,22.41338953219138,192.02712088108944,2,994.0816546455756,No
65.44784027814316,23.742580743646236,104.29192774429438,0,11.078552594309677,No
84.18665413748337,34.36633827952954,195.46158159830074,1,730.1734533106767,No
96.06202088614089,31.534265276760358,151.46204142688777,0,571.7893159359804,No
95.53411077440657,19.629889196686698,32.33428724739238,2,434.0521760809567,No
67.05036228424792,19.35273338335211,95.380021293594,2,127.57017457137087,No
46.79428275044532,17.45989124283493,143.6662350744008,1,409.0851486348762,No
99.09047193774008,31.507567992533453,49.468063163816666,0,354.3771829861353,No
90.33388518675605,34.1093165555434,128.12303670977747,1,302.8298889787422,No
47.47976087219601,21.6261607081251,133.32009580932385,1,730.8796233222076,No
95.25051295704233,15.52362402577282,32.53994876171318,2,700.7255212842638,No
92.1937817237277,17.054291686910684,113.01706249055125,0,589.0200909809116,No
71.13028342756432,39.196500871125764,154.32538219572155,0,938.6648132933723,No
75.47652614469575,22.386119436935505,99.77913290718838,0,349.8543841808545,No
63.94016223220781,34.23057869595334,2.420623355221485,0,243.80193771017954,No
43.28569832932188,30.616589221356595,1.8076938158584355,1,655.9033130983995,No
60.11183449875406,24.548490991322396,71.40586879400243,1,198.81406093740296,No
88.17120691588069,20.14218155488888,185.2388136863564,2,315.0105071834246,No
40.27792138027617,18.03466045398516,45.73535592072175,1,224.60244007488484,No
60.00995030146865,30.375324200971665,126.87273777433742,1,69.15356771850124,No
63.8901216154566,34.3658445159447,44.41517413866411,2,827.4987416356734,No
72.24373617627538,31.097606338528266,64.33399793190972,2,254.54054292166117,No
95.19133698476563,28.25755333122896,169.6084179202968,2,473.02750334302067,No
60.780759661957674,16.048780585790908,145.77228845398938,1,43.31527325431195,No
60.81719211377366,39.212219439859595,19.079855462642126,1,699.3394662526431,No
84.25007488658491,34.96785479136436,85.74040419728672,2,330.56100230629085,No
67.13307645338843,22.32055091752412,5.833952729052894,2,744.7367278292099,No
53.47628937639892,39.49925823397126,96.1780293206018,2,412.4030604678661,No
67.1463709679616,30.047039740908055,132.48680234021361,1,195.7556064056246,No
48.45142122278799,29.56056645518116,23.700524719630312,1,513.1750822820359,No
50.5832191903734,33.7018294857383,57.776987781833135,0,130.5045596374398,No
69.90206636436878,35.29424470225344,79.56732510043139,1,440.53915987299473,No
65.13552697027288,31.411965183287567,183.90620493120994,1,317.3054774204865,No
94.890754064086,18.202393659155,198.65100308459282,1,911.9595841996332,No
61.74363394699799,23.45668764986246,8.98225979912317,2,60.92872172071995,No
74.8353010166826,38.20209100815124,152.2015846990784,1,694.017414105742,No
77.93585727517183,20.615390296096297,74.34481328046864,2,182.7511659874359,No
40.78566739530002,24.304175595937835,78.491637245896,0,319.04507433223984,No
79.81224232100263,25.8019220736049,150.85299466940455,0,415.51406306206593,No
50.682158012185084,25.985124742361304,183.68528642908174,2,908.0150893749742,No
97.66421904816731,30.323489562363136,190.18571890050967,2,242.57826607382515,No
48.91976366518678,38.576895943617686,115.42451720766415,2,91.30880254467021,No
64.87744742362142,21.017317795812623,71.42423186010056,1,318.6896039905236,No
45.12098008471863,18.03753440752295,157.50981717175586,0,104.67597053553335,No
99.81245511075684,19.936762246498432,50.200276652460055,2,128.5964859605525,No
70.13170061987455,37.17312250523174,112.81480576670356,1,573.8505979750267,No
75.72310103920262,31.14527031638015,71.71569230497464,0,60.90193309949332,No
44.02458864330565,22.147669730979004,131.32621474157523,1,30.930881393566033,No
84.99762822395067,35.39867347421543,48.07978257870138,0,714.4141014704978,No
52.594335585735145,36.5342499090859,38.31858914696515,1,361.6470948410445,No
93.88325736644282,36.16285846725695,183.6478173350874,0,125.37534923387328,No
52.308378428920435,37.97316334098886,20.36073658990738,0,253.61277085970823,No
51.441263239819996,21.306025504334038,101.19158154698633,1,642.086507352399,No
42.192980070885696,33.87604821865696,44.170556592601784,2,275.53656714085116,No
68.32401670659996,26.5134874318535,7.78599266513349,0,494.52112512040793,No
73.89046799575698,36.04996382225154,7.203763658285278,2,121.69530672667229,No
43.94251836570114,33.212266929040325,35.044354421165465,1,588.0936376054469,No
86.53165700170064,34.41118616249312,173.35407090120006,2,316.0776838432641,No
67.19733008488166,31.404045942026787,56.49574879540533,2,626.9684345287166,No
71.4634161596548,19.43571923674267,190.09183411505916,2,808.3948823040229,No
66.44576481629369,28.62567297242346,116.32445859783871,2,611.6464193899924,No
64.04578365251956,39.616743488112704,87.32283795375322,2,295.74756259502067,No
73.57841987849307,38.43470166242797,116.01776693389093,0,255.7437015483004,No
49.31441475584275,16.079343394925292,103.33967704525355,0,327.420958733448,No
50.91568782971627,19.12037039323593,151.75525075146504,0,164.62051323650485,No
91.70713726081104,18.293219336364047,56.49921319457045,1,181.17185085002006,No
96.76692772801796,33.14949774963239,70.61007832006048,2,790.6911019001678,No
62.398558976785175,35.44463324642363,178.81886050665014,0,384.73257650744495,No
56.244680388613226,20.337784157766798,189.2913026300811,1,435.99518057058583,No
78.63997259434095,27.646317323795724,178.5116454972949,0,594.0494655668111,No
64.52405026588579,36.01757570028,83.88959879146272,0,589.6534951515476,No
41.52318133962069,33.320038619156264,156.07310060137632,2,67.37687152192574,No
49.36915584197142,28.555930137296208,95.26714666021977,1,831.5407863376656,No
82.95833373084386,29.75869226146932,99.50797042922044,2,177.3265532239394,No
79.53543651460907,27.709013672907,40.93602181145679,2,723.0716360496689,No
41.62575955020901,22.438711282970516,118.22606065170329,0,772.6709881281666,No
53.318329715976965,29.125549821475403,37.22717955066959,2,714.8995340913136,No
53.86448779528428,32.222132551252265,66.31293981343876,1,578.9776465541452,No
80.3135646159237,36.83307289652019,171.00604032398704,2,14.60899710888286,Yes
41.18263226526185,30.907283849481203,41.415161842171045,2,360.3754923631707,No
46.24651491907443,34.02803842607895,14.231657034686563,2,604.8394293625812,No
87.99496512239136,19.001790873864323,13.80151852256326,0,387.4512959225387,No
50.71267972326002,26.538936860494747,188.15690410062157,1,863.479894912813,No
79.16476647111247,15.233290495677332,101.38408759236692,0,308.80227534961534,No
54.29096686280359,21.166971613040577,81.88241436340367,0,293.53479245866043,No
45.96648356556071,33.16154287782512,162.1757162015837,0,265.997693092658,No
54.590331459967246,39.79524878373408,167.1651855821032,0,332.7808689607955,No
83.33601591133956,17.479452489680398,66.43820662312092,0,557.4049643141872,No
91.34178808637714,25.037357896532207,138.72361149475904,1,707.0152942725908,No
89.8131918740195,35.00177421747899,154.2245631703773,2,662.5679177387851,No
63.83101177710729,20.10089086572247,130.93013737319092,0,807.7178199814796,No
80.08510819423877,28.877123732557155,30.319014960019874,0,885.9139954974249,No
52.29905772494926,33.32678240074187,175.1766167034114,1,816.0790423433513,No
57.588863815660794,30.399636256504476,107.81891054720174,1,18.945403374354576,No
93.78014911126718,19.700618365385402,56.49448527400074,2,735.9179535519887,No
40.780115410644164,23.884614217143486,85.04563708753878,1,208.3995736183316,No
45.13051185126808,34.59479461213493,7.514218079781476,2,132.92804270798263,No
52.47317530876164,28.855662853300416,25.57336024448351,0,638.4887847991355,No
41.59193223242918,15.130740338572819,153.10935010317218,0,319.74319540769494,No
50.88612610538784,34.02476900070235,0.002326951073228223,2,57.11716337044326,No
74.98249365818154,15.882783873505977,83.31316569645844,1,137.62973439836134,No
65.28547303554987,33.6433445682808,104.50203621711769,2,0.9294168699610639,No
93.56030266461849,20.062014004130937,10.926884000194459,1,903.2236273447073,No
89.04661370430645,38.951837002984504,194.61563259446658,0,24.61798384123859,No
60.509041101872555,24.198518782552114,45.225066249934386,1,209.45576950951107,No
55.56540600587755,23.173290408451976,60.83974392725617,2,416.26278068790737,No
62.78154449003601,18.722201258311117,60.78850245100546,2,356.5713259508191,No
75.41769655088846,22.64010538725537,46.08333242346998,0,911.7258769127758,No
56.08381844937257,36.916269045705015,0.2947644172622832,1,40.28894573454211,No
77.44893447094805,39.908358440681184,145.86895881759926,1,512.2147076770516,No
64.56469913147443,24.207738262671207,193.36909995985707,1,680.479462524374,No
73.1228308511188,26.215265773863564,44.85869665700901,0,931.6979736811688,No
66.16759174811901,33.05177345506843,132.6094383606845,1,620.371252123721,No
57.66794557251506,37.154894511626864,148.37926539174302,2,803.7552360117627,No
96.9071984177294,29.826108354669604,169.68507581810493,1,83.7249378453484,No
85.81634764958565,24.788142454445733,84.52583940272183,0,385.9395109369274,No
48.40679054598715,25.315546021215596,60.58618112808585,1,373.9471344790675,No
92.10807855387478,32.39045366242017,65.05902680460622,1,886.2882164557177,No
69.24587189497082,15.080456590106968,142.52426661970256,2,151.37117126327493,No
93.67313361364549,30.489733436496017,163.3558933011272,1,151.88617233663027,No
87.99131535683891,23.887325261033936,36.32279355132053,2,328.55814988579846,No
65.512810268154,34.8549332819271,74.18820163155304,2,54.46604736683758,No
41.348158499207045,17.324765995578304,180.38803934983002,0,182.45804065249004,No
56.12064156309677,29.705056673709763,161.33870393894784,2,965.2096385457352,No
72.49805287965202,27.024322247153094,196.97168055249517,2,428.18393986717285,No
78.00869318956885,31.058138147630686,150.84965193641614,0,632.0192084224365,No
55.47326112599214,16.62133986207421,78.63904020558445,2,726.1112593446369,No
48.36136444436945,29.499594685703283,118.12756679892755,0,366.9614070072005,No
90.09581420795794,29.03711469898809,132.20285084946406,1,147.22707441051696,No
99.06413084221313,29.016502360404274,15.69116326342479,0,206.58101622178083,No
71.54141093816115,30.08719166491137,108.89939182077302,2,313.26647658061034,No
50.30075715089821,31.911698430659055,141.86416569452192,0,636.0684203522256,No
56.338439591162135,35.12472499201924,33.464260800212074,2,398.28054908905443,No
41.103440592848,21.74551800320536,156.12634348511142,1,6.814697900128119,No
94.85792839362995,35.62623525450155,116.75455610282232,0,523.4071850674719,No
47.06506497340847,27.45639205658634,190.44435713951893,1,921.5133919074178,No
74.59098853085521,16.926456978358278,8.48445964137834,2,812.077611008679,No
56.44331324123236,16.46377323109948,53.0652275110934,2,825.211371259631,No
73.2506801509476,23.355957967401523,120.31077585996482,1,795.0580176061311,No
79.08522330111185,34.62242442778669,59.31198244118614,0,323.73082561042366,No
89.7845082224321,32.6920233685229,142.88483281424845,0,765.193833754392,No
52.3852763056362,34.71537411681016,151.8010565043862,2,143.161357811193,No
40.65974971950883,27.931726411040234,20.50319281329489,1,657.7161472759535,No
48.213137804128436,26.004974948887266,102.77089284135354,1,641.5685666849944,No
94.0011185108863,18.686313167657097,101.77811111821117,0,25.56979908973467,No
92.43340465375091,23.20481884023279,73.85615404310822,0,787.9701335909316,No
75.8447861302185,25.85048415434688,186.58497251393442,0,903.2481050951305,No
76.0310116260192,17.21501074199043,165.50126397464425,1,267.4152784721077,No
79.90220047277532,20.51529881778028,139.44187638192736,0,812.3907241861509,No
50.522276717406974,29.955632351593472,142.8653271469995,0,82.4059718619482,No
94.8647167554976,33.39157785597975,92.34322876262382,2,599.967858261066,No
65.12623149352439,39.95868778482374,184.19890421931518,0,485.64686533427715,No
62.98831169496985,38.327833283588944,138.91908545065706,0,545.923533309,No
71.13506231697025,31.06412998837979,145.79621233116328,1,926.2052018843451,No
42.817958006503304,25.5312013323518,172.33818075746905,1,871.3152472468535,No
49.97700212536476,30.90443411770582,54.8143178684382,2,785.083657239757,No
84.28201698558223,34.6412904520058,161.4141807733406,0,273.69845767837097,No
44.967920075507585,17.958404773084684,39.04812059129841,2,911.8186286860916,No
76.1891265679833,25.247622242407207,69.06839044897757,1,97.50769246387524,No
54.72094658087926,35.99505714089043,67.12209085396854,2,853.3292165587878,No
63.35773684251859,24.5958237983261,195.7050936778281,1,328.1600723536078,No
57.32162420624199,29.296806780679663,171.30744474958536,2,53.77231166198337,No
61.34036298789695,29.694234021554955,140.23397231805194,2,669.3569842407483,No
83.14275431105473,19.611906328340986,145.41135232307803,0,231.27992831595546,No
57.8273029373905,24.05588604130721,112.41455888051422,2,243.5711258646319,No
73.98427841781384,23.362782218548304,189.41813342170383,0,306.04716622877146,No
68.56302413194598,15.65491771330162,99.2517505764723,0,63.68476750251673,No
79.8202699217589,15.60479409728388,76.1035419739789,0,177.12714419825403,No
96.20978435948548,35.79242609189434,32.6070673863182,0,5.139627585560302,No
83.95432583261501,21.82677024932031,157.2411304522116,2,445.4095211057868,No
52.896422715445404,27.951969155970385,146.8887864151183,1,84.25537741797129,No
41.87098810367708,22.468139339719325,76.87100770482698,1,682.652605044199,No
55.73584265798951,38.51698112788351,5.038682791845872,1,235.62285119164838,No
75.70467584201529,21.482418971644343,167.79946554360214,2,943.5741440351771,No
43.08554880905502,25.741420318473377,2.2835966908147265,0,871.2516273986525,No
69.78197483207418,36.81825626211504,140.7399559258102,1,289.4408949682082,No
75.81057093501335,36.04833916979521,194.05142194521142,2,783.2154546566787,No
60.05463344901765,19.652535446156932,87.53226562964069,0,803.2449046648062,No
86.25473222474932,35.06608274489276,46.99468099919055,1,986.5631141144105,No
46.39589518802631,26.454672168447317,140.97420200867634,0,597.839986845685,No
44.50826690414853,27.07422180213388,163.42562840311703,1,81.96573464366219,No
83.6913253722162,18.336999310398596,109.28606321556946,1,646.8372289263809,No
69.72947897237191,17.015037843928116,193.40705505122924,1,624.9797483760352,No
81.30414378566417,33.198482674344135,10.333744331592221,0,638.3505774204318,No
66.08964031622477,27.411528808882494,100.95911966090563,2,307.14564810421155,No
54.78412199434641,25.921267565379488,143.69078946451,0,859.6795850803329,No
89.14613906045199,33.23770571630992,172.5280942298358,1,959.4721829554119,No
87.96495273813875,34.13782247477774,35.85112238155801,0,217.71251297815152,No
81.6817882512656,18.97270419173384,160.00069635273627,2,88.15215813664446,Yes
56.32870823379776,30.255628736941034,110.54141514370906,0,194.5350331684841,No
75.41384001214523,18.38385205694214,79.31073639799264,2,820.5521392557188,No
61.65843381640161,33.784377150726144,26.343005715818713,2,676.6446348198475,No
45.49492439959805,31.42387890667849,173.05915178178248,0,636.0473423391267,No
95.03881452773456,38.91536552708645,31.45464163594307,1,401.7931351094245,No
48.209117855137684,16.72395040891053,61.95757184181985,2,577.8279715114357,No
97.01424122924814,16.426368028781358,58.009106392487375,0,307.87412527436743,No
66.76034637747735,22.054676867330002,174.28280683817087,2,477.20007941796126,No
